{"cameraMode":{"drawMode":0,"name":"Shaded","section":"Shading Mode"},"sceneLighting":false,"audioPlay":false,"sceneViewState":{"showFog":true,"showMaterialUpdate":false,"showSkybox":true,"showFlares":true,"showImageEffects":true,"showParticleSystems":true},"in2DMode":false,"pivot":{"x":0.1480395793914795,"y":0.46784067153930666,"z":0.3623166084289551},"rotation":{"x":0.26519304513931277,"y":0.714670717716217,"z":-0.5464787483215332,"w":0.34681951999664309},"size":3.5244922637939455,"orthographic":false}