{"cameraMode":{"drawMode":0,"name":"Shaded","section":"Shading Mode"},"sceneLighting":false,"audioPlay":false,"sceneViewState":{"showFog":true,"showMaterialUpdate":false,"showSkybox":true,"showFlares":true,"showImageEffects":true,"showParticleSystems":true},"in2DMode":false,"pivot":{"x":-5.00309944152832,"y":-1.5019354820251465,"z":7.756115913391113},"rotation":{"x":-0.04656023159623146,"y":0.3540952801704407,"z":-0.01765201985836029,"w":-0.9338876605033875},"size":3.2424263954162599,"orthographic":false}