{"cameraMode":{"drawMode":0,"name":"Shaded","section":"Shading Mode"},"sceneLighting":true,"audioPlay":false,"sceneViewState":{"showFog":true,"showMaterialUpdate":false,"showSkybox":true,"showFlares":true,"showImageEffects":true,"showParticleSystems":true},"in2DMode":false,"pivot":{"x":548.0961303710938,"y":314.418701171875,"z":221.0814208984375},"rotation":{"x":-0.09591275453567505,"y":-0.07218582183122635,"z":0.00697421794757247,"w":-0.9927482008934021},"size":884.19921875,"orthographic":false}