{"cameraMode":{"drawMode":0,"name":"Shaded","section":"Shading Mode"},"sceneLighting":true,"audioPlay":false,"sceneViewState":{"showFog":true,"showMaterialUpdate":false,"showSkybox":true,"showFlares":true,"showImageEffects":true,"showParticleSystems":true},"in2DMode":false,"pivot":{"x":-287.11572265625,"y":12.52587890625,"z":73.2265625},"rotation":{"x":0.09683658927679062,"y":-0.13102321326732636,"z":0.01271609216928482,"w":0.9866588711738586},"size":14.012016296386719,"orthographic":true}